m1,m2,m3,m4,m5,m6,m7,m8,m9,m10,m11,m12,m13,m14,m15,m16,m17,m18,m19,m20,m21,m22,m23,m24,m25,m26,m27,m28,m29,m30,m31,m32,m33,m34,m35,m36,m37,m38,m39,m40,m41,m42,m43,m44,m45,m46,m47,m48,m49,m50,m51,m52,m53,m54,m55,m56,m57,m58,m59,m60,m61,m62,m63,m64,m65,m66,m67,m68,m69,m70,m71,m72,m73,m74,m75,m76,m77,m78,m79,m80,m81,m82,m83,m84,m85,m86,m87,m88,m89,m90,m91,m92,m93,m94,m95,m96,m97,m98,m99,m100,m101,m102,m103,m104,m105,m106,m107,m108,m109,m110,m111,m112,m113,m114,m115,m116,m117,m118,m119,m120,m121,m122,m123,m124,m125,m126,m127,m128,m129,m130,m131,m132,m133,m134,m135,m136,m137,m138,m139,m140,m141,m142,m143,m144,m145,m146,m147,m148,m149,m150,m151,m152,m153,m154,m155,m156,m157,m158,m159,m160,m161,m162,m163,m164,m165,m166,m167,m168,m169,m170,m171,m172,m173,m174,m175,m176,m177,m178,m179,m180,m181,m182,m183,m184,m185,m186,m187,m188,m189,m190,m191,m192,m193,m194,m195,m196,m197,m198,m199,m200,m201,m202,m203,m204,m205,m206,m207,m208,m209,m210,m211,m212,m213,m214,m215,m216,m217,m218,m219,m220,m221,m222,m223,m224,m225,m226,m227,m228,m229,m230,m231,m232,m233,m234,m235,m236,m237,m238,m239,m240,m241,m242,m243,m244,m245,m246,m247,m248,m249,m250,m251,m252,m253,m254,m255,m256,m257,m258,m259,m260,m261,m262,m263,m264,m265,m266,m267,m268,m269,m270,m271,m272,m273,m274,m275,m276,m277,m278,m279,m280,m281,m282,m283,m284,m285,m286,m287,m288,m289,m290,m291,m292,m293,m294,m295,m296,m297,m298,m299,m300,m301,m302,m303,m304,m305,m306,m307,m308,m309,m310,m311,m312,m313,m314,m315,m316,m317,m318,m319,m320,m321,m322,m323,m324,m325,m326,m327,m328,m329,m330,m331,m332,m333,m334,m335,m336,m337,m338,m339,m340,m341,m342,m343,m344,m345,m346,m347,m348,m349,m350,m351,m352,m353,m354,m355,m356,m357,m358,m359,m360,m361,m362,m363,m364,m365,m366
24,24,24,24,24,24,24,24,24,24,24,24,24,24,24,24,24,24,24,24,24,24,24,24,24,24,24,24,24,24,24,24,24,24,24,24,24,24,24,24,24,24,24,24,24,24,24,24,24,24,24,24,24,24,24,24,24,24,24,24,24,24,24,24,24,24,24,24,24,24,24,24,24,24,24,24,24,24,24,24,24,24,24,24,24,24,24,24,24,24,24,24,24,24,24,24,24,24,24,24,24,24,24,24,24,24,24,24,24,24,24,24,24,24,24,24,24,24,24,24,24,24,24,24,24,24,24,24,24,24,24,24,24,24,24,24,24,24,24,24,24,24,24,24,24,24,24,24,24,24,24,24,24,24,24,24,24,24,24,24,24,24,24,24,24,24,24,24,24,24,24,24,24,24,24,24,24,24,24,24,24,24,24,24,24,24,24,24,24,24,24,24,24,24,24,24,24,24,24,24,24,24,24,24,24,24,24,24,24,24,24,24,24,24,24,24,24,24,24,24,24,24,24,24,24,24,24,24,24,24,24,24,24,24,24,24,24,24,24,24,24,24,24,24,24,24,24,24,24,24,24,24,24,24,24,24,24,24,24,24,24,24,24,24,24,24,24,24,24,24,24,24,24,24,24,24,24,24,24,24,24,24,24,24,24,24,24,24,24,24,24,24,24,24,24,24,24,24,24,24,24,24,24,24,24,24,24,24,24,24,24,24,24,24,24,24,24,24,24,24,24,24,24,24,24,24,24,24,24,24,24,24,24,24,24,24,24,24,24,24,24,24,24,24,24,24,24,24,24,24,24,24,24,24,24,24,24,24,24,24,24,24,24,24,24,24
1992,1992,2005,2005,2005,2005,2005,2005,2005,2005,2005,2005,2005,2005,2005,2005,2005,2005,2005,2005,2005,2005,2005,2005,2005,2005,2005,2005,2005,2005,2005,2005,2005,2005,2005,2005,2005,2005,2005,2005,2005,2005,2005,2005,2005,2005,2005,2005,2005,2005,2005,2005,2005,2005,2005,2005,2005,2005,2005,2005,2005,2005,2005,2005,2005,2005,2005,2005,2005,2005,2005,2005,2005,2005,2005,2005,2005,2005,2005,2005,2005,2005,2005,2005,2005,2005,2005,2005,2005,2005,2005,2005,2005,2005,2005,2005,2005,2005,2005,2005,2005,2005,2005,2005,2005,2005,2005,2005,2005,2005,2005,2005,2005,2005,2005,2005,2005,2005,2005,2005,2005,2005,2005,2005,2005,2005,2005,2005,2005,2005,2005,2005,2005,2005,2005,2005,2005,2005,2005,2005,2005,2005,2005,2005,2005,2005,2005,2005,2005,2005,2005,2005,2005,2005,2005,2005,2005,2005,2005,2005,2005,2005,2005,2005,2005,2005,2005,2005,2005,2005,2005,2005,2005,2005,2005,2005,2005,2005,2005,2005,2005,2005,2005,2005,2005,2005,2005,2005,2005,2005,2005,2005,2005,2005,2005,2005,2005,2005,2005,2005,2005,2005,2005,2005,2005,2005,2005,2005,2005,2005,2005,2005,2005,2005,2005,2005,2005,2005,2005,2005,2005,2005,2005,2005,2005,2005,2005,2005,2005,2005,2005,2005,2005,2005,2005,2005,2005,2005,2005,2005,2005,2005,2005,2005,2005,2005,2005,2005,2005,2005,2005,2005,2005,2005,2005,2005,2005,2005,2005,2005,2005,2005,2005,2005,2005,2005,2005,2005,2005,2005,2005,2005,2005,2005,2005,2005,2005,2005,2005,2005,2005,2005,2005,2005,2005,2005,2005,2005,2005,2005,2005,2005,2005,2005,2005,2005,2005,2005,2005,2005,2005,2005,2005,2005,2005,2005,2005,2005,2005,2005,2005,2005,2005,2005,2005,2005,2005,2005,2005,2005,2005,2005,2005,2005,2005,2005,2005,2005,2005,2005,2005,2005,2005,2005,2005,2005,2005,2005,2005,2005,2005,2005,2005,2005,2005,2005,2005,2005,2005,2005,2005,2005,2005,2005,1999,1999,1999,1999,1999,1999,1999,1999,1999,1999,1999,1999
8,8,1,1,1,1,1,1,1,1,1,1,1,1,1,1,1,1,7,7,7,7,7,7,7,7,7,7,7,7,7,7,7,7,7,7,7,7,7,7,7,7,7,7,7,7,7,7,7,7,7,7,7,7,7,7,7,7,7,7,7,7,7,7,7,7,7,7,7,7,7,7,7,7,7,7,7,7,7,7,7,7,7,7,7,7,7,7,7,7,7,7,7,7,7,7,7,7,7,7,7,7,7,7,7,7,7,7,8,8,8,8,8,8,8,8,8,8,8,8,8,8,8,8,8,8,8,8,8,8,8,8,8,8,8,8,8,8,8,8,8,8,8,8,8,8,8,8,8,8,8,8,8,8,8,8,8,8,8,8,8,8,8,8,8,8,8,8,8,8,8,8,8,8,8,8,8,8,8,8,8,8,8,8,8,8,10,10,10,10,10,10,10,10,10,10,10,10,10,10,10,10,10,10,10,10,10,10,10,10,10,10,10,10,10,10,10,10,10,10,10,10,10,10,10,10,10,10,10,10,10,10,10,10,10,10,10,10,10,10,10,10,10,10,10,10,10,10,10,10,10,10,10,10,10,10,10,10,10,10,10,10,10,10,10,10,10,10,10,10,10,10,10,10,10,10,10,10,10,10,10,10,10,10,10,10,10,10,10,10,10,10,10,10,10,10,10,10,10,10,10,10,10,10,10,10,10,10,10,10,10,10,10,10,10,10,10,10,10,10,10,10,10,10,10,10,10,10,10,10,10,10,10,10,10,10,10,10,10,10,10,10,10,10,10,10,10,10,10,10,10,10,10,10,1,1,1,1,1,1,1,1,1,1,1,1
6611.115,176215.2,89162,25621,44171,39292,13921,115957,53643,24135,42725,29397,164183,1065487,8806.55,15218.72,9044.52,3826.4,113942,56022,17259,19340,11869,8345,13189,7466,22604,28873,13444,46251,6929,49221,13352,42907,30979,501992,57488,42552,7660,7334,4489,3116,8966,2542,13439,10346,3341,17248,3083,27603,7906,25101,14609,256823,25620,3143,3308,2545,2001,1193,1276,1061,2390,3033,2717,7885,2151,13586,1738,7622,5241,86510,18697,3736,1617,4505,1402,767,475,1335,1198,4039,2948,8465,812,4278,1343,3830,4389,63836,12137,6591,4674,4956,3977,3269,2472,2528,5577,11455,4438,12653,883,3754,2365,6354,6740,94823,600,16300,500,1300,62300,1500,3700,1900,500,3100,1100,92800,1300,6800,6600,3800,2000,700,1600,40600,2500,66000,5300,9200,1200,800,3000,5300,26300,1100,500,3000,1900,1000,3000,10600,500,600,31800,10900,4300,13800,17000,8000,900,87700,18300,13300,5400,2100,2000,200,41300,4400,800,2300,1100,8500,400,300,8700,300,400,33800,1300,45200,1100,2900,1900,5900,3300,387600,203,1135,274,33,360,2005,22862,21689,12788,6739,64078,10258,2116,2254,1311,15939,1748,621,161,207,2737,621,92,253,1127,115,299,12742,2898,2576,1886,20102,10097,621,552,575,11845,1656,368,92,483,2599,851,460,230,1656,6348,1265,368,1058,9039,3657,828,1564,644,6693,12535,2921,2254,2300,20010,1426,414,414,161,2415,1403,621,184,230,2438,1150,184,207,460,2001,322,138,667,805,529,23,230,1587,299,322,115,207,943,5405,2208,1035,1403,10051,28037,5750,3841,4278,41906,10580,6187,1081,1173,19021,1265,299,253,207,2024,1058,207,1403,12903,6693,1380,1472,22448,4140,414,230,368,5152,1771,276,2254,782,253,184,1288,2576,368,506,460,3910,437,115,115,299,966,9706,1426,989,1449,13570,22609,8119,2369,2921,36018,230,713,69,69,1081,2254,2530,368,2415,7567,1633,1472,368,1196,4853,4117,4715,805,3450,13501,90367,43171,22379,17020,175605,11426,6452,15296,2093,6898,617,3521,1173,351,6267,8954,2719
4150.2395,160025.7,66728,19333,28694,32350,11658,89686,46151,28869,30387,21529,181479,1041061,7520.2,13711.24,8081.92,3902.58,101223,63088,13288,16442,13479,4994,11317,5255,18122,20693,10969,34231,6359,40651,11576,33321,27297,432305,48583,51704,6928,7714,7804,1586,9112,1886,13445,10641,2508,13802,2426,21702,7708,18981,12220,238750,21613,2499,2960,1955,2347,786,936,858,1302,2407,2559,7199,1858,12144,1287,4790,5021,72521,19763,3575,1929,4970,1462,945,629,1257,1285,4204,3279,10029,1409,4066,1504,5977,4851,71134,11264,5310,1471,1803,1866,1677,640,1254,2090,3441,2623,3201,666,2739,1077,3573,5205,49900,900,20500,1000,1500,79400,1600,3900,1200,300,3900,1700,116000,1200,9800,5400,3000,1900,600,1300,43900,1800,69000,5100,16600,800,500,3000,5500,33100,2600,1700,3000,1800,2100,2600,13800,600,700,38100,15400,6100,17900,17800,10600,1100,108400,28100,15600,12800,3500,3800,200,63900,7900,800,2000,1100,12200,600,1000,8200,1100,500,45800,2200,59200,600,4800,1800,7200,3800,486600,264,1064,320,46,325,2019,21160,21229,14283,6854,63526,13754,3289,2162,2438,21643,2760,989,253,736,4738,552,184,460,1334,161,368,17227,4554,2576,3726,28083,14789,805,575,667,16836,1610,437,46,414,2507,1196,552,276,2231,7843,1173,345,966,10327,5313,1127,3427,1541,11408,15962,3312,4094,3128,26496,2185,437,529,391,3542,1564,759,92,345,2760,391,138,46,299,874,644,184,1012,667,552,138,276,1633,253,460,92,276,1081,5704,2530,966,1702,10902,36455,6647,5635,5497,54234,15617,9476,1104,1104,27301,2392,621,299,230,3542,1242,437,1840,19251,10534,1426,1472,32683,6026,920,184,391,7521,2599,736,3749,1219,299,92,1610,3427,529,644,529,5129,1104,253,483,575,2415,14375,2737,1610,1702,20424,33626,13271,3036,3174,53107,391,1219,115,138,1863,2254,2967,690,1771,7682,2001,1587,276,1587,5612,4646,5773,1081,3427,15157,113114,51474,26611,20608,214107,16368,9404,17955,1026,12168,1383,1369,291,223,13068,6824,690
2841,150995.5,104864,29124,41972,48773,19017,111183,42506,33975,49847,33489,156370,932243,8509.7,14926.16,8871.24,3599.36,110468,57132,10720,17789,11919,5835,8425,5350,14994,17195,11588,27243,6418,41269,11958,32053,24186,414542,53963,46599,4319,8578,6170,1825,6292,1990,9704,7312,2936,10169,2578,19865,7772,17557,8488,216117,28116,2882,2930,3067,2669,1276,715,794,1783,2624,2986,5920,1705,14897,1388,5175,5785,84712,17721,3969,2133,4090,1481,1044,557,1244,1243,4691,3086,8203,1236,3751,1424,4092,5012,64977,10668,3682,1338,2054,1599,1690,861,1322,2264,2568,2580,2951,899,2756,1374,5229,4901,48736,700,17700,900,1300,61200,1900,3700,1100,600,3600,1200,93900,700,4100,2500,1500,1200,400,1000,22600,1000,35100,1500,5700,200,200,1900,2600,12400,1300,1100,1200,1000,1600,2300,8600,1400,600,17700,12600,6300,15100,25700,9300,1000,89600,23100,14500,8100,2200,3300,300,51500,10900,1000,1200,1500,15400,600,900,4100,600,500,33500,800,40900,800,3600,1600,6000,1900,355300,332,991,496,86,378,2283,42850,59550,9725,4125,116250,13850,7675,1425,1600,24550,2475,2550,75,175,5275,1150,575,475,2225,350,550,17825,10975,1550,2250,32600,11125,2100,650,600,14475,1425,525,75,425,2450,2000,950,275,3225,6575,2625,300,1225,10725,6000,1325,3325,1125,11775,16025,5450,3975,2775,28225,4075,1200,350,200,5825,1575,800,100,175,2650,900,500,25,50,1475,925,425,1450,1175,675,150,275,2275,600,650,50,250,1550,9250,4250,750,975,15225,36400,11800,5375,4350,57925,16175,24650,925,1300,43050,3100,1050,100,325,4575,1375,1050,2550,20650,26750,1050,1725,50175,5450,1650,100,325,7525,2975,1375,4575,1400,750,50,2275,3450,1875,325,400,6050,925,675,150,125,1875,14200,6325,700,1075,22300,34850,33075,1750,2800,72475,575,2375,50,75,3075,5875,6825,425,1775,14900,2425,3950,400,1575,8450,8875,13150,875,3250,26425,140800,128550,19275,14975,305675,39801,17691,60038,7754,29320,1601,11735,2055,935,10840,11237,3223
1813.44,112002.6,102253,26206,44119,42371,21023,86179,51457,34869,42913,41010,183531,987091,8410.75,14752.6,9293.68,3999.96,103374,54413,11596,22043,14140,8762,7327,7240,20312,19653,13900,32830,7774,60848,15617,41865,22919,464613,50352,44862,5741,11664,8655,4049,5372,3076,14869,8605,4054,14413,3909,31920,11454,24173,8410,255578,23471,1982,2606,2766,2575,1933,855,1240,1481,2528,3434,5711,1998,21210,1501,7273,5386,87950,18171,3569,1577,4193,1263,1063,436,1348,1422,5403,3124,9235,1225,4674,1544,5537,4583,68367,11380,4000,1672,3420,1647,1717,664,1576,2540,3117,3288,3471,642,3044,1118,4882,4540,52718,900,14800,800,1400,61400,2100,3700,1000,800,3300,800,91000,700,3700,3700,1400,1400,300,1000,21200,1600,34900,700,3800,300,600,900,1900,8500,2600,1000,1700,600,2600,3600,12000,1500,900,15700,12600,6300,16700,20600,7900,1200,83400,19300,17800,7000,2300,3400,200,50000,14700,2400,2800,2200,22700,1300,1200,4100,2100,400,35800,3100,47900,600,4900,1900,7400,900,358800,403,1027,447,90,327,2294,34320,27144,8970,4836,75270,15574,3614,2028,2262,23478,3926,1716,286,364,6292,1248,182,598,2080,208,312,20956,5564,2392,3250,32162,12324,1144,650,1014,15132,2834,884,78,858,4654,2522,468,78,3276,8944,2106,182,1820,13052,4992,1300,1482,1014,8788,19318,4784,1820,3900,29822,858,364,390,728,2340,624,234,104,208,1170,104,182,130,156,572,104,130,468,572,286,104,208,1170,234,234,78,390,936,2496,1430,884,1846,6656,34138,7358,3354,6760,51610,22672,17290,1222,1248,42432,3458,858,156,312,4784,1482,754,2392,27612,18902,1378,1716,49608,6396,1222,234,832,8684,3510,1300,5018,1820,416,234,2600,3198,1248,312,442,5200,1118,494,26,260,1898,16042,4680,650,2028,23400,43654,23582,2028,3744,73008,286,936,104,26,1352,3718,2756,520,1404,8398,2704,1586,520,1560,6760,6708,5278,1144,2808,16510,139776,68926,17888,15964,248560,54371,59665,128315,7640,34639,9905,41396,21062,15463,6617,22939,3533
2261.08,85668.59,91564,24662,39822,32204,15987,87988,50832,40199,50758,31832,162382,972313,8113.9,14248,8240.54,3499.2,81231,64935,10704,26906,14609,6822,6230,4628,22353,29205,12442,34195,9605,66081,14132,43159,25469,472706,32214,54880,5043,14705,9023,3237,4615,1264,16678,12545,2900,15839,4787,33737,9706,23879,8961,254013,21172,2488,2574,2791,2872,1002,635,724,1563,2494,2968,7158,2910,23535,1672,7777,6176,90511,18455,4441,2378,4850,1333,1202,546,1426,1648,10816,3666,8140,1323,6281,1870,7253,5091,80719,9390,3126,709,4560,1381,1381,434,1214,2464,3350,2908,3058,585,2528,884,4250,5241,47463,1500,20500,1000,1400,109500,1800,3200,2600,2000,3500,1100,148200,2000,6100,5300,3300,1500,800,1800,39100,2000,61700,1700,6100,800,900,2000,3800,15700,2000,2400,2400,800,2700,5500,15900,2500,700,17600,18100,15100,19500,24900,19000,2600,120000,20500,21500,10100,3400,5700,600,61800,15600,1700,5400,1100,24200,900,1200,10100,1600,1200,47900,3200,66200,1300,7500,2900,11700,1500,526800,467,1963,538,62,548,3578,28050,25696,14476,5610,73832,20636,5126,1826,2310,29898,4202,1782,330,594,6908,792,110,594,1518,220,374,25850,7084,2200,3564,38698,11088,1254,726,2046,15114,1364,550,88,396,2398,880,418,286,1760,6732,1496,154,1364,9746,4774,704,1584,1408,8470,13750,3190,2112,3344,22396,726,198,550,286,1760,440,308,176,286,1210,462,154,220,440,1276,88,154,396,726,352,110,176,1364,242,330,154,176,902,2684,1496,1210,1518,6908,27522,5940,4048,6908,44418,26312,17864,1782,1166,47124,3872,946,198,506,5522,1276,528,1914,31460,19338,2046,1716,54560,7282,1100,308,858,9548,3014,1056,4312,1166,440,88,1782,3322,990,462,748,5522,968,418,176,308,1870,15752,4004,1144,2134,23034,47212,23342,3190,3850,77594,462,946,154,176,1738,2904,2970,528,1782,8184,2288,1980,528,1166,6710,5654,5896,1210,2816,16632,134288,67958,25124,16412,251174,332836,52948,318205,6635,31160,30299,88469,74162,29807,4921,24676,5547
1873.605,107283.1,99782,20063,47412,30396,14039,90343,57555,29526,55060,19905,167860,885596,8212.85,14782.3,9112.32,3681,98303,60737,19242,32771,17743,10313,7651,5900,21897,26304,14932,44261,12857,110124,15650,63768,38708,601161,40154,50512,11426,22560,11150,6189,5981,2946,14319,12668,4986,21289,6035,59254,10725,37677,18286,336157,37360,4535,5674,4635,3821,2192,940,1612,3538,4358,5455,15456,5440,45034,3140,19383,13126,175699,10581,2619,1297,2645,959,448,360,506,1039,6477,1795,4102,731,2523,798,2681,2768,42329,10208,3071,845,2931,1813,1484,370,836,3001,2801,2696,3414,651,3313,987,4027,4528,46976,600,16500,600,1100,72500,1200,3000,1400,300,3600,1500,102200,1300,3500,3000,1000,1000,500,1500,19900,1000,32700,1000,4200,300,100,800,1500,8100,2200,1000,600,300,2100,2800,9000,1500,700,11900,15000,7000,16400,19400,13300,1200,86500,17100,15800,10300,2100,3200,100,48600,7000,700,1300,800,9900,400,700,6000,800,600,32500,1500,42400,500,3500,2400,6300,500,346300,582,1846,594,42,405,3469,31349,27761,14559,5106,78775,16928,4094,2208,2415,25645,3266,1564,184,322,5336,713,207,598,1633,276,552,21183,6003,2530,3450,33166,11684,1265,460,1380,14789,1173,253,276,483,2185,874,483,276,2001,6716,943,345,1173,9177,4232,828,1449,966,7475,13018,2530,2346,2990,20884,1219,230,575,207,2231,1058,483,161,184,1886,713,253,184,966,2116,161,230,506,483,552,161,230,1426,184,322,207,621,1334,3818,2070,1334,2277,9499,28520,5865,4140,6647,45172,15525,13317,1104,1104,31050,1633,460,184,253,2530,1104,345,1656,18262,14122,1334,1518,35236,4738,782,299,552,6371,1242,529,1909,897,207,69,1242,2714,506,460,483,4163,713,161,46,322,1242,10304,2185,897,1541,14927,28566,16307,2231,3059,50163,414,1058,92,230,1794,3059,3105,736,2070,8970,1886,1702,552,1495,5727,5359,5865,1380,3611,16491,114977,61801,24840,18538,223767,391475,66579,359342,7874,82243,50802,78057,84646,28548,5465,33909,6740
1772.84,86953.77,100335,24784,46414,34089,14740,92029,57983,28405,43856,38182,203425,1147076,8113.9,15678.08,10125.57,3907.34,69743,62522,14481,15861,9885,5382,10916,4415,27965,32364,11329,35888,12724,67625,13648,44310,27658,466716,31181,50334,7255,6817,4905,1601,8012,1050,16758,17886,2686,18149,6860,36647,8996,25509,13350,257996,17612,2786,3141,2063,1619,794,1105,506,2646,3525,2565,4819,2817,23482,1615,8481,4136,83712,10331,4038,1287,3501,944,701,243,742,1244,4624,2153,7340,958,3911,1452,4021,3442,50932,10619,5364,2798,3480,2417,2286,1556,2117,7317,6329,3925,5580,2089,3585,1585,6299,6730,74076,400,11100,400,600,71400,1600,2700,900,600,2100,900,92600,800,2300,2500,1100,700,400,1200,14500,600,24200,600,2700,200,100,1000,1900,6300,800,400,1000,600,2000,1700,6500,900,300,10500,11600,6100,13600,17500,8100,1300,69900,14100,13000,8900,2400,2800,100,41300,11100,1000,1700,1100,15300,500,1200,4600,600,300,24500,1300,32900,500,3800,1600,6000,700,295600,416,1314,463,40,515,2748,29744,30052,11814,7216,78826,10494,4158,1474,1254,17380,1452,1232,176,198,3058,726,176,374,1386,308,550,12980,5698,1782,1914,22374,6754,814,352,1056,8976,1166,572,132,308,2178,1386,858,44,2464,5676,1144,154,1056,8030,5192,1320,2222,990,9724,13442,3916,2552,2530,22440,792,506,330,220,1848,1056,572,110,110,1848,2640,484,132,484,3740,110,198,506,792,572,176,198,1738,418,418,44,264,1144,5808,2750,880,1386,10824,26004,7480,3784,4972,42240,10010,9174,748,1078,21010,1056,352,88,220,1716,1012,286,1342,12078,9812,836,1342,24068,2024,616,154,242,3036,506,176,946,330,264,154,770,1298,396,528,242,2464,330,264,44,176,814,4488,1716,1034,792,8030,16566,11528,1870,2134,32098,330,968,154,132,1584,2222,3696,660,1848,8426,1122,1892,528,1232,4950,3674,6556,1342,3036,14960,88968,61314,20592,16346,190498,415471,126142,438498,15554,203674,58063,112964,95257,30730,4719,33815,7740
2049.565,95141.96,87455,23189,39951,34031,15158,98053,61937,25474,40969,29347,198992,1221159,7916,15499.92,9903.03,3982.4,60959,62233,13436,18388,14967,8004,9530,5663,21972,35442,14120,45199,12613,78937,15581,45987,25532,488563,21914,49740,3932,4736,4043,2058,6221,1642,13915,12952,2830,21205,6858,43218,9920,25787,9686,240657,14697,2260,2566,2385,1750,1211,715,663,1728,2073,2870,7143,2918,26647,2006,8893,5169,85694,16631,3949,2027,4716,1643,983,574,1139,1629,6589,3074,8636,1201,4968,1310,4941,3583,67593,7717,6284,4911,6551,7531,3752,2020,2219,4700,13828,5346,8215,1636,4104,2345,6366,7094,94619,300,13500,400,1000,76300,1800,3400,1300,500,2900,800,102200,800,4000,3300,1800,1500,300,1000,24200,1100,38100,1100,4900,100,400,1600,3100,11600,1300,800,1200,1100,3100,3200,10800,1200,500,13300,13700,6800,19400,19000,9800,1300,84900,17600,18900,8300,2500,3200,300,50800,7000,900,1700,1300,11600,1200,700,4400,800,600,33400,1800,42800,1000,5000,1800,7800,900,361500,510,1373,466,62,409,2820,15215,18156,15368,6528,55267,5763,2703,1547,1088,11101,765,697,119,204,1785,425,85,493,1054,153,221,7106,3502,1734,1819,14161,5916,578,459,901,7854,680,272,68,272,1292,561,442,170,1292,4624,833,187,663,6307,4624,629,1836,901,7990,10489,2193,2261,1955,16898,850,238,510,187,1785,1394,323,136,187,2040,918,170,170,306,1564,34,102,289,2584,425,204,272,3485,170,340,68,374,952,5950,1598,1156,1411,10115,22355,4369,3876,4267,34867,5729,3791,867,663,11050,459,119,136,204,918,629,102,918,6817,4012,1088,969,12886,969,272,119,187,1547,357,153,612,272,51,51,425,935,340,238,306,1819,340,85,306,323,1054,2873,901,714,969,5457,9690,4913,1802,1938,18343,374,374,153,68,969,2380,2737,697,1700,7514,867,1326,425,986,3859,3621,4437,1275,2686,12342,57987,35377,24055,15436,134980,469901,99696,433393,18544,198294,56279,117227,84775,28917,6968,27276,6505
2932.265,104902.6,87126,20031,49662,34931,17561,113458,52034,29863,39583,22825,171075,925417,8106.48,15469.44,9258.62,3841.53,81621,64432,12046,18608,10927,6396,7614,7604,18973,21537,15657,42521,11939,78371,14469,35538,27736,475989,33277,53647,4603,8130,5155,2710,5582,3210,12899,9159,3842,21668,6242,40298,9565,19384,9637,249008,21047,3233,3633,2937,2437,1138,691,987,1631,2958,3481,8799,3203,27662,1830,6885,5987,98539,17404,3370,2205,4648,1439,867,454,1195,1445,5145,3025,8283,1308,6294,1844,5519,4950,69395,9893,4182,1605,2893,1896,1681,887,2212,2998,4275,5309,3771,1186,4117,1230,3750,7162,59047,700,17100,700,1300,75100,1600,4200,1300,700,2700,1300,106700,600,6100,4200,2300,1900,500,1200,33700,1200,51600,3100,10200,700,300,2000,3800,20800,1200,1300,1800,2400,2100,3500,12300,1100,500,16000,13900,8000,21800,24200,9400,900,95800,25100,17300,8800,3500,2400,400,57400,6000,800,2300,900,10400,300,700,5800,600,500,40400,1900,50300,700,4700,2200,7700,2500,415300,445,1185,432,131,584,2777,19980,21024,12330,6444,59778,8046,3546,1386,3294,16272,900,396,162,198,1656,486,108,450,1170,144,252,9576,4068,1710,3996,19350,5958,486,450,594,7488,954,396,36,144,1530,504,252,198,990,5292,1134,126,972,7524,2358,864,1332,756,5310,9108,2664,1692,1908,15372,1566,378,558,198,2700,756,180,108,234,1278,216,180,144,288,828,288,126,612,900,540,108,216,1764,180,396,18,360,954,3906,1800,1008,1422,8136,18972,4950,3150,3924,30996,4734,3456,936,720,9846,324,198,126,144,792,972,306,1494,6030,3960,1170,972,12132,810,378,126,108,1422,252,108,540,126,90,72,342,810,288,378,396,1872,126,108,126,216,576,2124,972,738,918,4752,8154,4932,1908,1890,16884,216,648,162,126,1152,1818,2268,486,1746,6318,1170,1512,432,1152,4788,3204,4428,1080,2736,12258,59886,39402,20178,14436,139266,432114,59137,382647,14141,77369,40462,92029,76408,32092,5162,22046,4904
3113.255,117794.5,113382,31092,49482,50028,25464,94237,57183,40207,42535,40198,193622,1115023,8707.83,16206.08,10051.66,4262.75,95098,44526,16944,19240,10671,5375,6818,11188,18710,24368,16181,36633,7658,58891,11165,28559,25753,437778,42600,35103,9267,9440,5554,1993,4944,6115,13009,13310,5396,15883,3806,29075,7482,14808,9986,227771,26584,2564,4462,3193,2826,1447,783,1847,1556,2844,4670,8333,2506,23282,1721,6844,6427,101889,15059,3216,1427,4271,1193,652,457,1093,851,5487,3221,8009,733,3884,1041,3849,4459,58902,10855,3643,1788,2336,1098,1283,634,2133,3294,2727,2894,4408,613,2650,921,3058,4881,49216,800,14800,800,700,51400,1800,3600,1800,700,2300,1000,79700,1500,9800,8100,3300,3000,900,1700,49200,2600,80200,6900,16000,1200,1800,3400,9500,41300,700,900,2800,4300,2000,3200,13800,1000,500,13100,11700,6700,15500,17400,6300,500,72800,20300,12300,6300,2200,2700,300,44000,5000,500,1300,1000,8000,400,400,13100,400,300,36700,1500,52900,1100,3700,1700,6400,3600,402900,277,945,423,37,260,1942,29808,18960,12120,5568,66456,8304,3384,1344,3528,16560,1248,720,240,336,2544,840,168,456,1512,360,576,10752,4392,1632,4416,21192,7584,864,648,1080,10176,1872,384,96,912,3264,1056,576,216,2400,5856,1752,360,2040,10008,3408,912,1584,1536,7440,12216,3624,2256,5064,23160,744,312,480,168,1704,336,288,192,264,1080,576,240,48,504,1368,120,192,504,264,456,144,216,1080,168,360,192,360,1080,2208,1848,1104,1656,6816,22008,6336,4008,7800,40152,6960,4992,672,960,13584,480,216,24,288,1008,960,360,1512,8400,5568,744,1392,16104,1176,336,336,840,2688,696,384,1224,312,72,120,504,1920,600,96,504,3120,264,192,48,336,840,4368,1584,552,1872,8376,12768,7152,1296,3264,24480,408,552,72,48,1080,2304,2592,528,1680,7104,1560,1872,504,1248,6072,4272,5016,1104,2880,14256,79608,41856,20160,15984,166536,234176,30985,248202,8853,42782,18243,57720,27347,20640,6308,16571,4411
3461.505,139187.5,109339,33325,43546,47097,21276,115049,53115,35064,59952,26281,166635,1070488,9208.28,17250.1,10955.18,4363.05,81821,41698,9128,17790,12720,5052,5987,5749,17099,19726,17594,29878,6283,28845,6608,19444,20115,345537,31898,34814,3837,8649,7467,1903,4434,2151,11983,9831,6829,11306,2710,13374,3912,10183,7455,172736,20120,1833,2656,2305,2291,955,530,799,1116,2330,4085,5877,1678,9174,684,3169,4126,63728,20113,2453,1722,4683,1752,843,489,1465,1173,4938,2791,8338,1207,3911,1356,3728,4535,65497,9690,2598,913,2153,1210,1351,534,1334,2827,2627,3889,4357,688,2386,656,2364,3999,43576,1000,18300,800,1600,54700,1800,4100,2000,1400,3300,1300,90100,1800,10900,17300,5500,3700,1800,2100,55100,3600,101700,12200,15200,2500,2000,2800,12300,51500,800,1000,5200,4000,2200,3400,16600,1400,900,20500,14000,5900,18300,25700,9500,1100,97300,20600,16200,6600,2600,2700,700,49600,5300,300,2200,1100,9100,400,800,10800,500,500,42200,1600,56800,600,4700,2300,7500,4000,484100,239,1022,407,38,363,2069,30156,18774,14322,6342,69594,5460,2793,1785,1323,11361,840,525,273,315,1953,462,210,441,1134,84,294,6846,3612,2100,2184,14742,8064,1092,462,1386,11004,945,336,63,420,1764,756,609,189,1596,5376,714,231,735,7056,4053,966,1680,966,7665,11151,2646,2163,2184,18144,651,231,546,42,1470,987,441,84,105,1617,651,105,63,231,1050,84,42,294,231,420,84,210,945,294,315,42,252,903,2898,1554,882,945,6279,22113,5292,3507,4515,35427,6090,4389,798,861,12138,210,126,105,294,735,777,315,1239,7077,4830,924,1281,14112,1218,483,378,315,2394,294,336,756,294,63,63,504,2625,357,168,483,3633,273,84,63,294,714,4704,1323,693,1281,8001,11781,6153,1617,2562,22113,252,567,147,126,1092,2121,2583,651,1617,6972,1554,1491,693,1260,5292,3927,4641,1491,2898,13356,74823,38472,23037,15603,155232,14166,10618,32007,5122,15555,1296,6078,564,330,5937,10575,2216
6265.74,183571.9,91099,31412,50332,39039,14781,116686,58084,40463,74745,46417,181011,1178446,9186.8,14709.6,10671.75,4120.5,93045,42696,9937,26629,9610,6539,7334,4377,17897,16905,14551,43354,5329,28475,6612,25240,23952,382482,40916,33622,3781,15066,5187,3223,5364,1468,11754,6486,4357,18098,2068,12971,3672,12717,8720,189470,23326,2002,3157,3555,1999,939,887,757,1812,2993,3821,8589,1697,10037,989,5368,5631,77559,17658,4208,1792,4545,1254,752,474,932,1193,4803,2926,7929,1055,3298,1240,3784,4331,62174,11145,2864,1207,3463,1170,1625,609,1220,3138,2623,3447,8738,509,2169,711,3371,5270,53279,300,18500,700,1200,62700,1900,4500,1600,900,4100,800,97500,1000,6100,5500,3800,2000,1100,1300,42600,2900,66300,7100,10700,1100,1900,2600,9500,35700,500,400,2700,2700,2100,3100,11300,1200,400,18800,14100,6200,18900,25000,7700,1100,93500,16700,12800,7000,2100,2400,300,41400,5000,800,1600,1200,8700,300,1000,8900,300,400,35700,1200,47800,800,4000,2700,7600,2900,412700,381,1428,589,34,782,3214,36771,23688,12789,9156,82404,5775,2079,1281,1323,10458,1134,525,147,189,1995,819,189,483,1554,168,294,7896,2835,1533,2037,14301,5229,1050,525,798,7602,777,420,21,546,1764,588,357,294,1365,5565,1449,315,924,8253,4326,1050,1869,861,8106,11256,3276,2520,2457,19509,903,252,399,126,1680,588,399,210,84,1281,567,294,21,252,1134,147,126,378,735,315,168,525,1743,273,210,63,315,861,3213,1596,924,1344,7077,19698,5922,3969,4599,34188,5880,4158,819,861,11718,735,126,210,126,1197,756,231,1092,7371,4515,1029,1092,14007,1869,231,189,630,2919,546,168,903,441,105,252,861,1449,294,273,336,2352,546,168,21,63,798,4851,966,609,1407,7833,12222,5481,1638,2499,21840,210,798,126,105,1239,1974,2709,672,2184,7539,1134,1659,462,1365,4872,3318,5166,1260,3423,13650,79905,43092,21189,18543,166383,20928,6664,16239,4052,11813,469,6242,1053,935,7699,10492,2288
6857.8,185953,84685,26049,48817,38689,13582,101602,60723,28043,35157,29155,182465,1324888,8520.78,16009.76,9758.42,4015.57,101855,50416,17517,19011,11412,7809,10941,7106,23288,32052,15407,44945,8326,44791,11805,42332,34397,483410,48871,37520,7746,5732,3829,2701,6858,1769,12843,10901,3436,15852,3164,23189,6259,24303,14904,229877,22318,3155,3753,2717,1687,745,1154,930,2409,3670,3408,7588,2491,13189,1614,7086,6202,84116,18864,4097,1842,4979,1676,1005,570,1356,1611,5697,3712,9944,1353,4847,1438,4257,5329,72577,11802,5644,4176,5583,4220,3358,2359,3051,6425,11784,4851,11561,1318,3566,2494,6686,7962,96840,700,18000,500,1000,69800,2200,3500,1400,1100,3000,1000,102300,1700,5800,6400,3100,2300,900,1800,43700,2200,67800,5500,10800,700,900,2300,7300,29400,900,400,100,2100,2300,2600,8500,900,600,16000,11500,4600,15100,22900,7400,400,79400,18700,14000,5200,1900,2300,300,42400,5400,600,1700,1000,9000,600,600,9400,800,400,33400,1300,46700,800,4000,1900,6700,3500,395800,362,1205,524,40,365,2496,26532,22616,14740,8184,72072,10868,1958,2684,1232,16742,2266,704,264,286,3520,638,88,550,1452,220,330,13992,2816,3168,2068,22044,7370,528,374,704,8976,1078,308,44,660,2090,902,484,198,1694,7678,1188,286,1034,10186,4752,770,2002,814,8338,14432,2750,2530,2618,22330,1056,286,440,88,1870,990,352,154,198,1694,990,198,132,484,1804,858,264,1254,572,594,88,264,1518,198,418,88,352,1056,4664,2112,990,1430,9196,26466,5390,3894,4752,40502,11638,6314,1276,836,20064,1430,308,264,154,2156,1166,198,1408,14234,6820,1584,990,23628,4004,572,220,330,5126,1848,264,2288,814,220,176,1232,2706,528,528,352,4114,594,330,44,198,1166,9966,1914,990,1056,13926,24200,8734,2574,2046,37554,308,550,198,132,1188,2134,2992,638,1936,7700,1430,1694,506,1144,4950,3872,5236,1342,2926,13838,95062,44792,25718,17380,186010,7200,6118,16519,2225,4304,62,2162,750,294,3825,7192,2517
4346.09,171384.6,72779,22309,35067,41460,13898,96283,59013,31437,32322,26432,176180,1141391,8623.44,15691.32,10098.83,3923.92,90927,61136,11951,16729,12805,5437,8322,4946,19116,23286,12938,32843,6336,37837,11389,31602,25992,413592,40233,48670,5836,6423,7111,2080,6234,1767,13399,10544,2791,12604,2403,19704,7284,17812,10727,215622,21609,2952,2813,2085,2320,1086,956,751,1570,2925,3403,7328,2226,11583,1249,4724,5157,74737,19712,3928,1811,5773,1775,964,481,1283,1373,5261,3378,9359,1151,3929,1431,4712,4971,71292,9373,5586,1491,2448,1599,1307,651,1145,2774,4556,3366,3552,556,2621,1425,4354,5137,51941,1200,21300,800,1800,78400,2200,4600,1700,1100,4200,1000,118300,1100,10600,6600,3900,2400,500,1900,44100,2200,73200,4100,17000,800,900,3700,6700,34400,1600,1000,1700,2200,2000,3300,11700,1400,1200,19700,16600,6200,16400,29600,11400,700,103100,30300,16400,11400,3100,3300,300,64700,8600,400,1300,1800,12700,700,800,8800,1300,600,46600,2100,60900,1200,5700,2100,9000,3100,491300,444,1268,631,67,402,2812,25696,22902,15246,6226,70070,14168,3388,2354,1760,21670,3586,1056,330,242,5214,902,198,374,1650,330,418,18986,4686,2860,2420,28952,13926,902,880,946,16654,1430,264,44,550,2288,968,396,198,1716,7744,990,374,1474,10582,7832,1298,3190,1298,13618,17974,2948,3806,3498,28226,2244,572,440,220,3476,1452,484,176,330,2442,550,154,154,110,968,154,110,396,726,616,176,330,1848,242,374,66,594,1276,5368,2310,1034,1694,10406,37268,6160,5720,6138,55286,16962,9856,1254,1276,29348,2706,374,176,374,3630,1738,220,2068,21406,10450,1452,1738,35046,6336,616,308,506,7766,2948,594,3872,1254,176,242,1804,4708,770,682,462,6622,1584,374,594,704,3256,16830,2530,1848,2112,23320,38236,12980,3300,3850,58366,330,1276,66,44,1716,2596,3432,528,1870,8426,2046,1848,374,1562,6050,4972,6556,968,3432,16192,125158,53284,28094,19800,228866,12456,7316,15550,1874,8081,770,3123,513,621,5020,8249,2057
3154.73,169834.5,106548,31849,44026,51059,20853,122773,53903,39736,50716,38097,168138,1125564,9136.74,16412.76,12040.71,4254.58,114367,52097,10313,18314,10465,5701,6486,4795,19205,21691,13510,29999,6627,41180,11867,34430,25011,426058,57447,42092,4281,7742,4535,1970,4565,1667,12618,10412,3201,11602,2891,20079,7496,17868,8405,218871,28139,3016,3101,2394,2222,1104,689,919,2164,3525,3914,6195,2076,14221,1367,5489,6015,86550,16929,3780,1720,5375,1750,1175,428,1031,1433,5044,3141,9366,1029,4243,1409,5403,5337,68593,11852,3209,1211,2803,1958,1452,804,1178,2990,2710,3254,2836,631,2637,1595,5670,5254,52044,800,21500,900,1200,68600,2200,4300,1300,700,4000,1100,106600,600,3800,3400,2600,1200,600,1100,25800,1400,40300,1400,6800,400,400,1500,3000,14200,1700,700,1200,1400,1800,2500,9200,1300,800,15400,13200,6200,16200,30600,10200,1100,95100,25500,17500,8400,2900,3000,200,57500,10200,900,1100,1400,14700,800,1000,4000,900,800,34900,1700,44100,1100,4500,2100,7700,1600,391000,531,1328,629,97,562,3147,43030,62036,10244,5850,121160,15080,7332,1456,1196,25064,2288,2912,234,260,5694,1508,520,624,2704,312,572,19188,10920,1742,2184,34034,9854,1820,390,572,12636,1352,624,52,390,2418,2028,832,104,3016,7306,2886,416,832,11440,7072,1924,2652,1144,12792,17784,6318,3224,2418,29744,3796,988,286,234,5304,1274,754,104,312,2444,936,364,52,260,1612,754,312,1326,1066,858,78,182,2184,702,962,104,208,1976,8528,4238,728,1352,14846,36166,12376,4342,4342,57226,17576,25636,832,1404,45448,3302,1144,130,208,4784,1352,1144,2548,22230,27924,988,1638,52780,5590,1638,234,390,7852,3380,1560,5096,1586,754,78,2470,3848,1612,130,416,6006,1092,780,26,208,2106,15496,6344,546,1144,23530,37726,34268,1534,2782,76310,572,2652,78,78,3380,5590,7514,676,2028,15808,2782,4160,598,2028,9698,8944,14326,1352,3926,28886,145054,133926,19214,17394,317616,35080,21402,45425,7925,34546,1310,11963,2830,1250,8311,14398,2861
2142.21,125275.4,105057,28788,51793,47601,21487,90793,55107,47661,42163,43065,181765,1109401,8623.44,15747.46,11619.52,4260.39,97030,54955,12206,20876,15174,12651,7718,6993,23347,23880,15139,33308,8824,60358,15103,43308,25309,476179,45096,45420,5254,9053,8642,7521,5640,2987,16780,11336,3894,13438,4156,30257,10387,23784,8511,252156,23172,2551,3168,2605,3018,1727,751,1055,1780,2860,3991,6274,2534,21469,1737,7778,5731,92201,18043,3655,2155,5634,1676,1083,508,1352,1509,6250,3613,10657,1497,5785,1585,6501,5312,76815,10719,3329,1629,3584,1838,2320,819,1599,3278,3434,3641,2939,637,2847,1394,5245,5755,55007,600,14600,600,1100,67200,2300,4000,1600,600,3600,800,97000,800,3400,4000,1100,1300,400,1000,20000,1000,32900,800,3900,700,200,1500,2200,9400,1000,900,1100,800,2800,4800,11400,1300,400,16900,11800,7400,16700,24000,10100,2100,90800,20700,19600,7300,2500,4100,400,54700,17200,2000,2400,2200,24300,1400,800,3900,2100,800,32600,2600,44200,800,5600,2700,9100,1100,374900,493,1257,755,68,569,3142,31836,28728,9324,4788,74676,15120,3136,1848,2520,22624,4424,1484,196,392,6496,1540,252,700,2520,252,336,21336,4900,2100,3640,31976,10136,588,448,1064,12236,1680,280,28,700,2688,868,308,112,1400,9772,1736,364,2156,14028,5516,1260,1568,1232,9576,17892,3584,2072,4200,27748,364,364,392,532,1652,196,336,112,168,812,140,112,196,140,588,224,112,420,560,448,112,84,1204,252,280,84,336,952,1736,1652,980,1260,5628,29764,5824,3500,6524,45612,24080,18508,1428,1652,45668,4116,672,168,196,5152,1764,532,2436,29960,19712,1652,1932,53256,6048,1568,280,504,8400,3780,896,4956,1904,252,168,2464,4004,1204,252,308,5768,1232,476,168,308,2184,16968,4396,840,1568,23772,46928,24108,2492,3500,77028,476,812,56,112,1456,2940,2912,308,1932,8092,2464,1792,448,1512,7028,5880,5516,812,3388,16576,135744,69076,18228,16548,245868,63795,65067,156331,8767,41455,13395,47188,21125,12515,5328,19232,4766
2375.725,90986.6,92703,26268,42239,34785,17042,108542,52803,50590,48696,34595,159505,1045744,8520.78,15203.11,10563.2,3926.16,88414,59051,10121,27110,13686,5387,5637,4620,24581,29753,14440,37102,10584,74580,13911,45176,28554,492707,35906,48731,4517,14921,7979,1963,4087,1625,18165,14702,3210,18605,5431,40842,9718,26386,10889,267677,22578,2912,2383,2996,2780,969,471,681,1710,3040,4320,7658,2841,24602,1543,8346,7224,97054,19619,4036,2188,5475,1336,1106,533,1374,1462,8194,3418,7522,1446,5713,1724,6028,5145,76319,10311,3372,1033,3718,1591,1349,546,940,3244,3817,3492,3317,866,3423,926,4416,5296,51657,1500,17200,700,1300,116600,2100,3700,3900,1600,4500,1300,154400,2300,6300,5600,3700,1400,1000,3200,40000,2100,65600,1600,6400,1000,1400,1500,4100,16500,2300,1500,1200,1000,3200,6700,15900,3600,800,22800,20900,14400,22600,32700,22200,2400,142400,24300,22500,11800,3600,5600,600,68300,18300,1300,3900,2100,26300,1200,1000,10700,1400,1300,47400,2600,65700,1200,8100,3200,12600,1600,569200,603,2551,767,44,787,4752,29739,28336,13984,5934,77993,19642,4692,1909,2967,29210,4646,1886,253,460,7245,920,161,552,1702,207,391,25415,6808,2254,4071,38548,10051,1104,575,1610,13340,2691,851,161,644,4347,2415,782,184,3680,5773,1219,276,1242,8510,11017,1725,966,1219,14927,21942,4577,1587,3404,31510,920,437,345,345,2047,644,345,92,230,1311,230,299,92,483,1104,92,115,437,759,483,92,207,1541,345,437,23,345,1150,2990,2116,713,1771,7590,34983,7797,2875,6785,52440,27048,19435,1449,1173,49105,3818,667,230,506,5221,1357,598,2185,32223,20700,1771,1817,56511,6900,1495,368,782,9545,2760,1196,4186,1288,437,138,1932,3634,828,575,805,5842,1265,460,92,230,2047,15847,4416,1242,2047,23552,48070,25116,3013,3864,80063,322,1242,92,276,1932,2392,3312,253,1863,7820,2484,2047,598,1541,7291,5198,6601,943,3450,17043,143405,74658,23069,17227,266087,388152,57645,313524,11589,35942,40743,95726,70879,23381,5022,22289,7083
1981.11,100422.4502,102484,21046,48081,30895,14432,105770,52135,37780,61703,24807,171757,959404,8623.44,15566.05,10959.32,3816,100917,55308,16721,34836,17939,9805,6542,6513,28614,27448,18848,44414,12600,134354,16098,66917,45594,643468,41349,45161,9056,23205,10937,5291,4804,3218,20986,13870,6288,22071,5484,81063,11253,39273,21344,364653,37393,4380,5013,5318,4290,2073,770,1691,3106,4943,7137,13865,5625,46467,3422,19861,14876,180230,11175,3104,1355,2960,937,798,502,631,1405,5421,2154,5500,655,2782,607,2698,3758,46442,11000,2663,1297,3353,1775,1643,466,973,3117,3214,3269,2978,836,4042,816,5085,5616,52143,900,13100,300,1100,70300,1700,3300,1300,700,3800,1500,98000,1000,2800,3000,1000,700,500,1600,18700,1100,30500,900,3100,200,300,1000,2400,7900,1300,900,600,400,3600,2800,9500,2300,900,18600,14700,6800,15200,27000,15900,1900,103200,18300,15900,13400,2400,2700,200,52900,10100,700,1400,1000,13400,1100,1100,8000,700,400,32900,1600,45800,500,3900,2800,7200,1000,369500,781,2061,650,56,420,3968,33465,28428,15755,8050,85698,15755,4301,2116,1840,24012,3450,1242,414,414,5520,989,230,644,1932,368,483,20562,5819,2622,2944,31947,10281,1196,575,1127,13179,989,552,115,368,2024,1035,598,299,2231,7314,828,276,1334,9752,5129,1242,1380,1127,8878,14490,3220,2070,3151,22931,1035,506,391,276,2208,1058,529,161,322,2070,1035,253,207,1058,2553,161,138,782,598,506,207,345,1656,322,437,138,529,1426,4209,2369,1150,2967,10695,28980,6785,3795,7245,46805,17687,13524,1472,1150,33833,2093,437,230,276,3036,1357,529,2093,21137,14490,1771,1564,38962,4301,1012,368,414,6095,1288,506,2001,828,299,184,1380,2599,621,506,460,4186,713,437,69,299,1518,9729,2875,1150,1426,15180,30866,17365,2921,2990,54142,713,1334,161,621,2829,3220,3427,851,2254,9752,1909,2415,552,1978,7153,5842,7176,1564,4485,19734,119715,65573,26657,21965,238326,436969,70035,339453,11964,100543,70752,89057,89347,24879,7952,27271,7137
1959.865,94333.93611,101753,28506,46913,35205,13884,101269,60239,31373,42044,35816,221001,1196987,8418.12,16501.5,11889,4197.27,72408,50051,9349,13529,7669,5582,7044,4636,33231,28635,13375,37515,11893,70063,13044,47922,32220,458166,33050,39109,2300,3360,1740,1500,4444,849,20645,11826,2391,18304,6124,37202,8449,26907,14201,232401,17977,2697,2132,1689,1453,721,602,511,2406,2039,2942,5259,2529,24593,1798,9614,5511,84473,10924,3629,1707,4769,1349,917,381,804,1365,5821,3285,8022,1260,4245,1108,4510,4592,58688,10457,4616,3210,3711,3127,2444,1617,2472,8815,8949,4757,5930,1980,4023,1689,6891,7916,82604,400,8700,400,700,75900,1900,3100,1100,500,2600,1200,96500,800,2400,2600,1200,900,500,1300,16000,800,26600,1000,1600,100,300,900,1700,5900,600,400,800,400,2000,2400,6600,1500,400,13900,13100,5500,13500,22500,11300,1100,82900,13100,11700,9700,1700,3300,300,39700,11700,1100,1400,1200,15900,600,1100,4500,500,500,25600,1500,34200,600,3500,1700,5900,600,314900,433,1435,608,101,591,3168,31142,27922,13386,5658,78108,11270,3404,1403,1633,17710,1633,920,184,414,3151,874,161,368,1518,322,460,14099,4485,1771,2484,22839,6394,437,460,851,8142,1265,437,92,437,2231,989,644,184,1955,6187,1334,184,897,8602,7084,1288,1794,759,10925,15525,3726,2254,2231,23736,920,322,460,230,1932,1127,552,46,575,2300,2898,621,92,782,4393,276,184,644,621,621,184,529,1955,506,713,92,322,1633,6348,3013,874,2622,12857,28267,7176,3588,5704,44735,9729,8556,782,782,19849,1196,184,161,138,1679,1058,161,1357,11983,8901,1012,989,22885,2093,414,184,299,2990,529,368,989,437,230,46,759,1656,483,207,207,2553,414,184,23,276,897,5129,1679,529,851,8188,17112,10580,1541,1840,31073,322,1104,138,115,1679,1886,3634,667,2047,8234,1173,1978,391,2185,6003,3381,6716,1196,4094,15916,94001,56879,21482,16951,192671,517571,129321,426990,17127,214186,65020,118979,97315,25235,9029,35237,8602
2466.31,109861.6957,86872,25586,39952,37240,15733,118692,67950,32064,41766,29093,211867,1364825,8623.44,16684.85,12021.1,4217.81,64310,55259,17936,22703,17108,7195,10009,5698,19833,54044,17936,42908,12392,77315,16522,45902,27714,514784,23152,43545,8388,9210,6649,1717,7096,1156,11728,32495,3931,19726,6548,42083,10205,26150,10053,263832,15778,2709,2839,3291,2578,1200,1071,838,1931,4488,3721,6452,2884,27223,2043,8833,5869,93748,17258,3427,2020,4309,1335,797,349,1203,1318,4579,3225,9275,1231,4349,1686,4719,4467,65547,8122,5578,4689,5893,6546,3481,1493,2501,4856,12482,7059,7455,1729,3660,2588,6200,7325,91657,800,13900,500,2200,83300,2400,3400,1400,500,3600,1300,113400,700,4500,4000,1600,1200,500,1400,25000,1800,40700,1300,6200,400,900,1700,3300,14100,1200,1300,800,1200,3200,2700,10400,1800,1200,19600,16200,8500,17900,27900,13800,1300,108100,27200,21100,12100,2600,3700,400,67000,8500,800,1500,1300,12800,900,300,4600,800,600,36800,2300,46300,900,5600,2000,8500,1200,422500,440,1822,721,117,641,3741,16470,20664,15210,5580,57924,5580,2520,1674,1818,11592,702,702,270,252,1926,540,162,414,1260,162,216,6984,3420,2106,2484,14994,4824,504,432,594,6354,792,378,90,306,1566,522,378,234,1224,4410,936,180,702,6228,4662,972,1350,702,7686,10386,2682,1872,1800,16740,864,288,396,360,1908,1152,468,180,180,1980,1566,198,144,216,2124,144,108,414,2052,612,90,846,3600,342,540,90,540,1512,6120,2214,900,2304,11538,21330,5400,3204,4698,34632,5778,4140,612,738,11268,432,90,144,180,846,720,162,1026,6930,4392,828,990,13140,990,252,234,252,1728,306,90,594,216,90,72,414,1062,378,342,414,2196,144,144,468,594,1350,2718,954,1170,1440,6282,9648,5346,1998,2430,19422,252,612,198,72,1134,2178,2646,468,1764,7056,738,1476,864,1584,4968,3168,4734,1530,3276,13158,57600,39564,24048,16164,140130,527756,102209,409600,18146,202272,59510,117435,87895,23586,7398,25726,7778
2851.715,116636.7445,87775,21037,52498,38076,17889,116977,51784,32145,43908,21865,166143,930532,8970.64,15018.3,10700.1,4049.28,83167,60513,12207,20804,13577,6599,7906,8323,22230,31865,20074,44254,12684,84308,15507,46860,33320,524198,32959,46575,4982,9147,6113,2279,5615,3080,15156,10238,4041,20958,6276,43711,9766,23600,11953,256449,21570,3609,3026,3271,2717,1345,806,1406,1756,3371,5027,8620,3587,30362,2347,9331,7751,109902,18585,4756,2265,5208,1895,1109,509,1375,1642,11195,3801,10474,1657,6559,2080,7246,6151,86507,10053,5573,1934,3178,2852,1866,976,2462,3676,7061,7205,4202,1164,3676,1314,6683,7465,71340,400,15200,800,1200,75100,1800,4600,1200,700,3800,1300,106100,600,7900,4500,2100,1700,800,1300,31200,1000,51200,2700,10500,700,1200,2600,3900,22200,1200,1200,1800,2000,3200,2800,12400,1100,600,21500,13000,8000,17700,32500,12200,1300,107900,27800,17800,11100,2800,2600,200,62200,7600,1000,1800,1200,12100,500,600,6100,900,700,40900,2600,52400,1100,4600,1900,7600,2300,436400,532,1336,684,104,664,3320,23028,21888,13281,5472,63669,7714,2736,1273,2679,14402,627,475,209,323,1634,570,247,551,1406,190,323,9101,3534,1539,3591,17765,5662,646,361,684,7353,722,399,95,285,1501,494,399,209,1273,5111,1083,152,988,7334,3420,950,1577,703,6650,9747,2869,2052,2166,16834,1083,418,418,304,2223,494,361,152,133,1140,551,209,57,285,1102,285,114,570,779,456,57,380,1672,38,456,76,589,1159,3230,2014,798,1824,7866,18639,5529,3211,4674,32053,5092,3230,779,475,9576,513,114,114,114,855,950,228,1311,6555,3572,950,665,11742,855,228,247,247,1577,209,171,532,133,133,57,361,1026,437,285,703,2451,95,133,76,342,646,2318,1102,703,1444,5567,8873,4674,1653,2109,17309,228,893,57,114,1292,1957,2945,361,1634,6897,1387,2109,437,1311,5814,3572,5947,855,2850,14003,63213,41572,20539,14155,144799,479295,76453,376999,13118,88869,50310,95334,84169,26294,5539,22754,7859
3671.805,139426.5233,116104,33134,55218,55525,25661,100137,61284,40353,43530,36590,184003,1083361,9511.04,15750.9,11694.84,4256.52,98227,40579,14750,19761,12936,5727,8370,11127,20813,26483,18272,35332,8412,51822,9600,28382,28037,438630,45676,30284,6797,9754,6512,2140,6115,5354,14030,13744,5221,14336,3641,26140,6221,14758,11078,221801,26507,2583,3781,2929,2804,1019,892,1834,1835,3420,4860,7894,2482,19077,1328,6013,6431,95689,14916,4106,1972,4422,1474,955,644,1460,1614,5901,3715,9601,1465,3961,1280,4063,4585,66134,11128,3606,2200,2656,2146,1613,719,2479,3334,3418,4476,3501,824,2644,771,3548,5943,55006,600,13500,700,800,56100,1900,3800,1600,700,3000,1100,83700,1200,10400,5400,3400,2900,1300,1600,50400,2600,79500,7800,15300,1200,2700,3300,9400,41600,1400,1500,1700,4500,3000,2600,14500,1000,700,20000,11500,6700,17800,24800,9100,1300,92900,24700,14900,8000,2400,2200,300,52500,5600,500,1200,1500,8800,300,600,11800,500,800,40800,1500,56100,900,4300,1500,6700,3400,439700,325,1280,630,50,249,2534,36216,19656,14400,5880,76152,6624,2976,1248,2976,13824,1200,840,168,288,2496,912,312,792,2016,384,672,9120,4272,1440,4176,19008,6528,672,456,1272,8928,1320,576,48,840,2784,792,720,288,2112,5376,1344,168,2016,8904,4464,912,1104,1248,7728,11952,3552,1608,4440,21552,552,384,336,360,1632,456,120,192,168,936,576,192,120,336,1224,216,96,552,288,456,96,264,1104,216,384,120,312,1032,2304,1632,960,1584,6480,20784,5856,3024,7296,36960,6912,4776,768,1056,13512,480,216,24,264,984,1440,312,1824,8832,5304,816,1368,16320,1248,288,408,1104,3048,408,552,1176,216,168,72,528,1800,552,312,792,3456,240,168,72,240,720,3912,1728,960,2328,8928,12744,7032,1776,3696,25248,480,528,144,48,1200,2544,2280,288,1824,6936,1416,2256,792,1800,7104,4440,5064,1224,3576,15240,83304,41880,21864,16224,172608,247717,37968,241738,10573,50970,11441,56512,29116,17851,7215,17023,4802
3806.78,161014.9254,108333,36748,46420,56107,22243,124450,64470,38108,66014,28370,167346,1043726,9620.01,16630.2,13280.2,4361.04,95715,32810,8675,23458,13885,5467,6827,6757,17975,19784,20116,29688,6537,29630,6849,20234,23656,368063,38910,25741,3370,11937,8080,1898,4983,2691,12725,9871,6555,10628,2353,13458,4233,10222,8624,176279,24477,1508,2314,2673,2513,953,679,1120,1493,2698,4772,6271,2165,10471,724,3538,4922,73291,21226,3196,2156,5630,1538,1040,483,1217,1028,4691,3848,8803,1284,3885,1244,3766,4593,69628,11102,2365,835,3218,1754,1576,682,1729,2729,2524,4941,3986,735,1816,648,2708,5517,48865,700,17900,300,1200,59300,1900,4400,1800,900,4300,900,93500,1100,12500,7900,4800,2600,2200,2400,57600,3900,95100,11200,15400,2700,3600,3800,13900,54600,800,1900,1700,4200,2800,2200,13700,1400,800,28300,16000,6400,20300,32100,12100,1100,118600,21100,15900,9400,2700,3400,700,53200,5600,600,1600,1600,9700,400,900,11300,800,700,43000,1800,59000,1000,4900,3300,9200,2600,509200,360,1070,557,20,463,2470,33528,20636,14234,9790,78188,5478,1958,2024,1166,10626,902,814,176,154,2046,462,154,506,1210,242,330,7084,2926,2376,1826,14212,7480,1034,418,946,9878,946,308,88,264,1606,418,528,418,1452,4026,946,242,528,5742,6028,902,1188,902,9020,11440,2706,1936,1782,17864,704,396,308,132,1540,924,396,110,132,1562,572,176,132,396,1276,66,66,352,330,418,176,374,1298,330,286,44,440,1100,2926,1738,858,1606,7128,21846,5478,3212,4334,34870,6094,4950,902,726,12672,308,66,242,176,792,1034,242,1320,7436,5258,1166,924,14784,1342,330,330,550,2552,396,132,682,308,44,110,484,2442,616,374,396,3828,484,176,22,176,858,4972,1298,792,1342,8404,12408,6556,1958,2266,23188,308,880,44,66,1298,1650,2684,572,1716,6622,1540,1826,462,1848,5918,3498,5390,1078,3476,13838,78364,40986,22858,18876,164296,33355,18830,32791,6697,27480,558,10383,1255,106,5842,9877,2426
6995.05,199405.116,93932,34377,52909,49853,17133,123823,79203,44751,80455,47647,187062,1265519,9187.65,17184.54,13135.85,4253.36,107712,38095,11357,26332,10392,7863,6498,5602,18505,19448,16133,43069,5296,27091,6988,26408,25352,402141,50415,29180,4180,15703,5300,3978,4525,1716,11977,8431,4315,15527,1691,12480,3900,13681,9471,196470,27140,1992,3322,2947,2145,1107,911,1223,2185,3413,4382,7944,1698,8739,919,5440,5938,81445,17484,3880,2302,4529,1421,1154,406,1144,1233,4796,3286,9686,1318,3734,1168,3440,4597,65578,12673,3043,1553,3153,1526,1624,656,1519,3110,2808,4150,9912,589,2138,1001,3847,5346,58648,900,18400,800,1600,70600,1700,5300,1400,1000,4000,1100,106700,1100,7100,5000,4800,2400,1300,1900,42600,3500,69800,8200,10200,1900,2500,2100,10500,38600,600,600,2400,1900,2800,3500,11700,1400,1000,27700,16000,5700,21200,34500,10900,1300,119700,18300,14300,7300,2500,2000,700,45200,6200,900,1700,2100,11100,400,500,9800,700,300,34700,1600,48000,900,4100,2700,7800,3200,461700,549,1748,610,70,924,3901,39353,24127,12696,8349,84525,5888,1794,1380,1265,10327,920,529,207,253,1909,943,184,506,1656,138,322,7889,2553,1656,2116,14214,6555,920,322,529,8326,966,391,46,207,1610,575,368,161,1265,4531,1403,138,529,6601,4784,1127,1495,828,8234,10902,3289,1840,1725,17756,529,391,483,115,1518,552,322,115,138,1127,667,276,483,276,1702,115,92,322,345,483,161,414,1403,207,391,115,391,1104,2415,1955,1403,1403,7176,19872,6164,3565,3657,33258,5129,4715,874,460,11178,690,92,161,207,1150,713,345,1127,6532,5152,1081,690,13455,1725,483,207,506,2921,552,184,851,368,92,230,759,1932,322,276,207,2737,368,207,23,161,759,4945,1288,621,1173,8027,11477,6440,1702,1863,21482,368,759,115,138,1380,2162,2921,483,1978,7544,989,1817,667,1794,5428,3519,5497,1265,3795,14352,82110,44781,20884,17089,167831,22910,9989,20265,5427,14597,353,7423,555,561,7929,9483,637
